{"cameraMode":{"drawMode":0,"name":"Shaded","section":"Shading Mode"},"sceneLighting":false,"audioPlay":false,"sceneViewState":{"showFog":true,"showMaterialUpdate":false,"showSkybox":false,"showFlares":true,"showImageEffects":true,"showParticleSystems":true},"in2DMode":false,"pivot":{"x":5.48999547958374,"y":-0.48541462421417239,"z":6.946773529052734},"rotation":{"x":0.06268589943647385,"y":0.32332709431648257,"z":-0.021471096202731134,"w":0.9439651966094971},"size":5.384020805358887,"orthographic":false}