{"cameraMode":{"drawMode":0,"name":"Shaded","section":"Shading Mode"},"sceneLighting":false,"audioPlay":false,"sceneViewState":{"showFog":true,"showMaterialUpdate":false,"showSkybox":false,"showFlares":true,"showImageEffects":true,"showParticleSystems":true},"in2DMode":false,"pivot":{"x":5.978217601776123,"y":1.1962637901306153,"z":8.469983100891114},"rotation":{"x":0.05826598405838013,"y":-0.9379514455795288,"z":0.28123506903648379,"w":0.19432711601257325},"size":5.384020805358887,"orthographic":false}