{"cameraMode":{"drawMode":0,"name":"Shaded","section":"Shading Mode"},"sceneLighting":true,"audioPlay":false,"sceneViewState":{"showFog":true,"showMaterialUpdate":false,"showSkybox":true,"showFlares":true,"showImageEffects":true,"showParticleSystems":true},"in2DMode":false,"pivot":{"x":-1.307429313659668,"y":1.037966012954712,"z":2.2324705123901369},"rotation":{"x":-0.09061941504478455,"y":-0.8202618360519409,"z":0.13558544218540193,"w":-0.5482719540596008},"size":10.056658744812012,"orthographic":false}